{"_timestamp": 1699332890.389758, "iter/train_loss": 2.934237003326416, "iter/learning_rate": 8.720914146584401e-08, "iter/train_total_loss": 6.420686046349459, "iter/train_multi_label_loss": 3.4864439964294434, "_step": 483, "_runtime": 1028.0798151493073}