{"iter/train_loss": 4.273983001708984, "iter/train_multi_label_loss": 4.824238300323486, "iter/train_total_loss": 9.09822718714987, "iter/learning_rate": 4.875271149674621e-07, "_timestamp": 1699333824.4202416, "_runtime": 874.5677804946899, "_step": 154}