{"iter/train_loss": 2.9691078662872314, "iter/train_multi_label_loss": 3.5418756008148193, "iter/train_total_loss": 6.510980440462722, "iter/learning_rate": 2.7526941593116233e-08, "_timestamp": 1699331976.522188, "_runtime": 154.12551498413086, "_step": 69}